ur4592644,tt0120884,10,16 January 2005
ur3174947,tt0118688,3,16 January 2005
ur3780035,tt0387887,8,16 January 2005
ur4592628,tt0346491,1,16 January 2005
ur3174947,tt0094721,8,16 January 2005
ur1162550,tt0114891,9,16 January 2005
ur4371033,tt0391198,10,16 January 2005
ur4584306,tt0426568,7,14 January 2005
ur3174947,tt0120601,8,16 January 2005
ur2694867,tt0060196,10,16 January 2005
ur2035667,tt0335245,10,16 January 2005
ur4513109,tt0129161,10,16 January 2005
ur4318504,tt0113724,7,16 January 2005
ur1355507,tt0067023,7,16 January 2005
ur4545306,tt0325596,8,16 January 2005
ur3168872,tt0284867,2,16 January 2005
ur1000879,tt0374900,9,16 January 2005
ur2183556,tt0090062,10,16 January 2005
ur3174947,tt0182789,9,16 January 2005
ur4593110,tt0120370,7,16 January 2005
ur4593029,tt0385004,8,16 January 2005
ur4593101,tt0311289,10,16 January 2005
ur1935667,tt0401233,4,16 January 2005
ur4593048,tt0356618,10,16 January 2005
ur4452141,tt0370263,8,16 January 2005
ur2983202,tt0372588,10,16 January 2005
ur3174947,tt0265086,8,16 January 2005
ur3143319,tt0298814,1,16 January 2005
ur4593124,tt0158539,7,16 January 2005
ur2694867,tt0071385,1,16 January 2005
ur2488512,tt0031725,9,16 January 2005
ur0470968,tt0362270,6,16 January 2005
ur4593070,tt0346491,9,16 January 2005
ur4111911,tt0074486,10,16 January 2005
ur3780035,tt0149937,9,16 January 2005
ur0816433,tt0086203,10,16 January 2005
ur2904081,tt0072826,8,16 January 2005
ur3174947,tt0083658,9,16 January 2005
ur4593205,tt0110442,10,16 January 2005
ur2882544,tt0119365,8,16 January 2005
ur0470968,tt0387564,3,16 January 2005
ur1518804,tt0283426,6,16 January 2005
ur4584029,tt0362270,10,16 January 2005
ur3174947,tt0071230,8,16 January 2005
ur3446219,tt0376541,10,16 January 2005
ur2074560,tt0052846,2,16 January 2005
ur4587088,tt0120804,1,16 January 2005
ur3174947,tt0329334,1,16 January 2005
ur1529007,tt0357277,3,16 January 2005
ur1609501,tt0096933,6,16 January 2005
ur4593421,tt0109370,10,16 January 2005
ur3446219,tt0395169,7,16 January 2005
ur3446219,tt0338751,10,16 January 2005
ur4531500,tt0349683,3,16 January 2005
ur4013711,tt0086960,10,16 January 2005
ur0521881,tt0332452,6,16 January 2005
ur3174947,tt0080455,10,16 January 2005
ur2074560,tt0075261,2,16 January 2005
ur0157498,tt0103874,7,16 January 2005
ur3066329,tt0289879,8,16 January 2005
ur3446219,tt0290002,6,16 January 2005
ur2567136,tt0110776,6,16 January 2005
ur0157498,tt0238546,3,16 January 2005
ur2074560,tt0054333,3,16 January 2005
ur3976881,tt0080365,5,16 January 2005
ur3066329,tt0375173,7,16 January 2005
ur2707735,tt0032285,8,16 January 2005
ur2082018,tt0296658,9,16 January 2005
ur0157498,tt0102034,1,16 January 2005
ur4590696,tt0365677,3,16 January 2005
ur4157001,tt0080934,1,16 January 2005
ur3800949,tt0349903,9,16 January 2005
ur3174947,tt0112573,10,16 January 2005
ur0157498,tt0142804,3,16 January 2005
ur0808507,tt0375063,10,16 January 2005
ur3148015,tt0316732,1,16 January 2005
ur3679103,tt0178868,10,16 January 2005
ur1355507,tt0082533,5,16 January 2005
ur4523728,tt0327056,4,16 January 2005
ur4593736,tt0167456,9,16 January 2005
ur4557989,tt0382357,4,16 January 2005
ur4593726,tt0086081,9,16 January 2005
ur4531500,tt0365748,10,16 January 2005
ur4589592,tt0293508,10,16 January 2005
ur2074560,tt0088100,1,16 January 2005
ur3877341,tt0263488,7,16 January 2005
ur2074560,tt0100665,6,16 January 2005
ur1580268,tt0116275,8,16 January 2005
ur0677266,tt0134847,6,16 January 2005
ur2488512,tt0056876,9,16 January 2005
ur4066513,tt0307453,7,16 January 2005
ur1683802,tt0138094,6,16 January 2005
ur2074560,tt0088772,1,16 January 2005
ur0139258,tt0107247,10,16 January 2005
ur4594181,tt0108174,10,16 January 2005
ur0139258,tt0075261,7,16 January 2005
ur0139258,tt0060672,6,16 January 2005
ur3127857,tt0081470,1,16 January 2005
ur0941716,tt0375210,2,16 January 2005
ur2472494,tt0333766,10,16 January 2005
ur4246249,tt0198781,10,16 January 2005
ur4594126,tt0111175,1,16 January 2005
ur0137908,tt0241025,8,16 January 2005
ur4594210,tt0333766,10,16 January 2005
ur4582622,tt0293508,10,16 January 2005
ur4594265,tt0338751,1,16 January 2005
ur0580218,tt0335266,5,16 January 2005
ur0137908,tt0104522,8,16 January 2005
ur0677266,tt0062708,5,16 January 2005
ur1683855,tt0346491,7,16 January 2005
ur0745306,tt0092513,6,16 January 2005
ur4594263,tt0175880,10,16 January 2005
ur1552298,tt0240510,8,16 January 2005
ur0992453,tt0091544,5,16 January 2005
ur3174947,tt0289879,8,16 January 2005
ur0361658,tt0094361,2,16 January 2005
ur0940861,tt0395169,9,16 January 2005
ur4325948,tt0067023,10,16 January 2005
ur2666030,tt0118163,10,16 January 2005
ur0361658,tt0092074,5,16 January 2005
ur1771950,tt0385267,9,16 January 2005
ur4594361,tt0097883,1,16 January 2005
ur4115540,tt0120263,7,16 January 2005
ur0980825,tt0128545,10,16 January 2005
ur2722549,tt0374900,9,16 January 2005
ur4594395,tt0338096,2,16 January 2005
ur2074560,tt0075343,1,16 January 2005
ur4594430,tt0349903,10,16 January 2005
ur3630955,tt0059017,1,16 January 2005
ur0309070,tt0358294,4,16 January 2005
ur4573174,tt0303661,10,16 January 2005
ur4590573,tt0120804,8,16 January 2005
ur4594483,tt0356618,10,16 January 2005
ur3595664,tt0383139,10,16 January 2005
ur0018365,tt0061592,3,16 January 2005
ur0375636,tt0230512,7,16 January 2005
ur2632044,tt0293508,10,16 January 2005
ur4561315,tt0361925,1,16 January 2005
ur0018365,tt0275067,4,16 January 2005
ur2632044,tt0062622,10,16 January 2005
ur0731316,tt0241243,10,16 January 2005
ur1082071,tt0365748,8,16 January 2005
ur4594739,tt0377744,2,16 January 2005
ur4594740,tt0396962,10,16 January 2005
ur1647537,tt0366174,9,16 January 2005
ur4594426,tt0110413,10,16 January 2005
ur2069364,tt0125022,10,16 January 2005
ur4594830,tt0092099,6,16 January 2005
ur2444068,tt0144249,7,16 January 2005
ur1907398,tt0339291,9,16 January 2005
ur4547644,tt0363473,10,16 January 2005
ur1019294,tt0037101,8,16 January 2005
ur1907398,tt0290002,6,16 January 2005
ur1907398,tt0362270,8,16 January 2005
ur4594830,tt0300556,8,16 January 2005
ur1601212,tt0275719,8,16 January 2005
ur1907398,tt0338751,9,16 January 2005
ur4594898,tt0293508,10,16 January 2005
ur2705247,tt0357277,10,16 January 2005
ur1591077,tt0285531,1,16 January 2005
ur4111911,tt0082971,10,16 January 2005
ur0470968,tt0280609,2,16 January 2005
ur4593110,tt0315327,3,16 January 2005
ur4594830,tt0091203,9,16 January 2005
ur4594746,tt0357179,8,16 January 2005
ur2614772,tt0377066,10,16 January 2005
ur2449095,tt0338751,6,16 January 2005
ur0200029,tt0120890,9,16 January 2005
ur4594942,tt0151568,10,16 January 2005
ur2326544,tt0217505,7,16 January 2005
ur4594999,tt0071130,10,16 January 2005
ur4594973,tt0063060,9,16 January 2005
ur3864781,tt0119517,8,16 January 2005
ur1976369,tt0357277,5,16 January 2005
ur2020269,tt0285742,5,16 January 2005
ur1464855,tt0318627,10,16 January 2005
ur3778826,tt0375210,2,16 January 2005
ur1123934,tt0255477,6,16 January 2005
ur2759155,tt0376541,8,16 January 2005
ur2449095,tt0372588,5,16 January 2005
ur2488512,tt0055821,8,16 January 2005
ur2375356,tt0034583,10,16 January 2005
ur0200029,tt0332452,3,16 January 2005
ur3959862,tt0115417,10,16 January 2005
ur0470968,tt0315327,2,16 January 2005
ur4542811,tt0308644,10,16 January 2005
ur4301468,tt0096320,10,16 January 2005
ur0018365,tt0325596,9,16 January 2005
ur2074560,tt0084796,1,16 January 2005
ur4594973,tt0059740,9,16 January 2005
ur4589948,tt0092513,10,16 January 2005
ur0165374,tt0175526,5,16 January 2005
ur4202413,tt0096895,8,16 January 2005
ur4595039,tt0054131,9,16 January 2005
ur1416505,tt0233115,5,16 January 2005
ur4547546,tt0299930,3,16 January 2005
ur4150259,tt0368891,10,16 January 2005
ur4452141,tt0259153,5,16 January 2005
ur4595023,tt0293508,8,16 January 2005
ur1744849,tt0376541,8,16 January 2005
ur4873103,tt0325980,9,28 February 2005
ur4886256,tt0290010,7,28 February 2005
ur3379318,tt0101540,8,28 February 2005
ur4886250,tt0116409,6,28 February 2005
ur4886345,tt0111281,10,28 February 2005
ur3902242,tt0405159,1,28 February 2005
ur1374273,tt0360486,9,28 February 2005
ur3571442,tt0103639,7,28 February 2005
ur3952894,tt0096895,10,28 February 2005
ur2200096,tt0217505,9,28 February 2005
ur2854818,tt0387564,10,28 February 2005
ur4876479,tt0155711,1,28 February 2005
ur4886493,tt0385278,2,28 February 2005
ur3259143,tt0118956,1,28 February 2005
ur4765937,tt0218141,8,28 February 2005
ur2498078,tt0340331,5,28 February 2005
ur4886193,tt0356618,2,28 February 2005
ur0446676,tt0372183,9,28 February 2005
ur2254568,tt0303361,3,28 February 2005
ur4886572,tt0257516,10,28 February 2005
ur4475122,tt0293508,9,28 February 2005
ur4676781,tt0368447,9,28 February 2005
ur1354013,tt0335266,5,28 February 2005
ur4886594,tt0086250,1,28 February 2005
ur0446676,tt0356634,6,28 February 2005
ur4567149,tt0382077,3,28 February 2005
ur3341647,tt0175880,9,28 February 2005
ur4886639,tt0274558,8,28 February 2005
ur2510939,tt0361127,6,28 February 2005
ur4886635,tt0111161,10,28 February 2005
ur4886552,tt0308644,10,28 February 2005
ur4886735,tt0096018,8,28 February 2005
ur4003322,tt0061683,9,28 February 2005
ur4886635,tt0370263,4,28 February 2005
ur1748066,tt0031381,10,28 February 2005
ur2879195,tt0085179,9,28 February 2005
ur3110787,tt0101846,7,28 February 2005
ur4110200,tt0345950,10,28 February 2005
ur4749646,tt0089393,8,28 February 2005
ur4827195,tt0120879,10,28 February 2005
ur2087825,tt0246677,9,28 February 2005
ur4886796,tt0367817,2,28 February 2005
ur1748066,tt0032138,10,28 February 2005
ur4544310,tt0089629,8,28 February 2005
ur4886817,tt0250274,8,28 February 2005
ur4886796,tt0282163,3,28 February 2005
ur1070337,tt0083844,10,28 February 2005
ur4886635,tt0211443,4,28 February 2005
ur1748066,tt0047522,10,28 February 2005
ur4887041,tt0393162,10,28 February 2005
ur4544310,tt0094077,8,28 February 2005
ur4886796,tt0329334,4,28 February 2005
ur4886635,tt0086250,7,28 February 2005
ur4849698,tt0109506,10,28 February 2005
ur4495971,tt0064137,7,28 February 2005
ur4887156,tt0120586,9,28 February 2005
ur2444068,tt0117247,9,28 February 2005
ur0378273,tt0028691,8,28 February 2005
ur4886635,tt0209144,9,28 February 2005
ur4111911,tt0268380,8,28 February 2005
ur0285769,tt0099653,6,28 February 2005
ur3301784,tt0405159,10,28 February 2005
ur4879617,tt0124198,10,28 February 2005
ur4887164,tt0162973,10,28 February 2005
ur0342623,tt0113680,5,28 February 2005
ur4383606,tt0327162,10,28 February 2005
ur0218424,tt0076816,7,28 February 2005
ur4862419,tt0382077,1,28 February 2005
ur4887269,tt0277790,7,28 February 2005
ur1332861,tt0139927,10,28 February 2005
ur4887108,tt0356470,2,28 February 2005
ur4701442,tt0374600,10,28 February 2005
ur4886711,tt0360486,2,28 February 2005
ur4216299,tt0339291,6,28 February 2005
ur1994708,tt0130229,9,28 February 2005
ur4872949,tt0405159,10,28 February 2005
ur4887366,tt0275491,9,28 February 2005
ur3887849,tt0284674,4,28 February 2005
ur2406697,tt0102428,9,28 February 2005
ur4506876,tt0295297,8,28 February 2005
ur1590118,tt0361467,3,28 February 2005
ur4887415,tt0280477,9,28 February 2005
ur4879617,tt0351977,7,28 February 2005
ur4887198,tt0079802,5,28 February 2005
ur1219007,tt0290661,1,28 February 2005
ur0906974,tt0185183,4,28 February 2005
ur4886749,tt0360486,2,28 February 2005
ur4887539,tt0182060,10,28 February 2005
ur4884077,tt0245574,1,28 February 2005
ur4887638,tt0360486,9,28 February 2005
ur2565316,tt0103873,8,28 February 2005
ur4813955,tt0079808,8,28 February 2005
ur1532177,tt0105323,6,28 February 2005
ur3341647,tt0272338,9,28 February 2005
ur4887789,tt0422093,9,28 February 2005
ur1705550,tt0316654,3,28 February 2005
ur1617546,tt0012397,10,28 February 2005
ur4887726,tt0360486,10,28 February 2005
ur4884241,tt0422093,10,28 February 2005
ur4887620,tt0213826,10,28 February 2005
ur1609079,tt0268604,8,28 February 2005
ur4887772,tt0307453,8,28 February 2005
ur4881670,tt0115742,8,28 February 2005
ur3995914,tt0250469,7,28 February 2005
ur2432172,tt0332831,8,28 February 2005
ur4887871,tt0319262,10,28 February 2005
ur0601440,tt0099165,4,28 February 2005
ur4879454,tt0062622,9,28 February 2005
ur1710480,tt0405159,10,28 February 2005
ur0137898,tt0070854,10,28 February 2005
ur4887980,tt0311113,9,28 February 2005
ur3492145,tt0318374,8,28 February 2005
ur4887918,tt0052357,9,28 February 2005
ur1237695,tt0374102,7,28 February 2005
ur0746867,tt0324216,7,28 February 2005
ur2588093,tt0405159,6,28 February 2005
ur1532177,tt0298814,6,28 February 2005
ur4774684,tt0117913,10,28 February 2005
ur1779341,tt0086571,8,28 February 2005
ur1059963,tt0370263,7,28 February 2005
ur4862118,tt0076843,9,28 February 2005
ur3438860,tt0190312,4,28 February 2005
ur1776912,tt0125217,6,28 February 2005
ur4887198,tt0093873,5,28 February 2005
ur4888146,tt0067659,7,28 February 2005
ur1683802,tt0257516,7,28 February 2005
ur0569912,tt0405159,5,28 February 2005
ur4887620,tt0114898,5,28 February 2005
ur1588706,tt0090329,6,28 February 2005
ur2015372,tt0424430,8,28 February 2005
ur4884685,tt0327554,2,28 February 2005
ur1609079,tt0083721,7,28 February 2005
ur3447130,tt0063105,8,28 February 2005
ur2706684,tt0265118,5,28 February 2005
ur4832677,tt0103644,5,28 February 2005
ur4352860,tt0333766,1,28 February 2005
ur4887918,tt0040746,8,28 February 2005
ur3000087,tt0365957,3,28 February 2005
ur4888087,tt0119910,10,28 February 2005
ur1532177,tt0082085,5,28 February 2005
ur0418013,tt0102299,7,28 February 2005
ur1205215,tt0356470,5,28 February 2005
ur1624704,tt0373280,3,28 February 2005
ur4670962,tt0318627,7,28 February 2005
ur0627424,tt0091850,7,28 February 2005
ur3824745,tt0049223,7,28 February 2005
ur3697259,tt0055822,8,28 February 2005
ur1365769,tt0378194,10,28 February 2005
ur3408237,tt0110638,10,28 February 2005
ur1567691,tt0364120,8,28 February 2005
ur2142695,tt0318649,8,28 February 2005
ur4886741,tt0088146,8,28 February 2005
ur1619292,tt0338294,10,28 February 2005
ur4888087,tt0050976,10,28 February 2005
ur4832677,tt0093058,9,28 February 2005
ur4717703,tt0048977,3,28 February 2005
ur4888270,tt0368008,9,28 February 2005
ur2415124,tt0089489,6,28 February 2005
ur4887158,tt0077687,4,28 February 2005
ur1532177,tt0445929,4,28 February 2005
ur0144397,tt0253474,10,28 February 2005
ur4577233,tt0360486,7,28 February 2005
ur3635386,tt0065207,7,28 February 2005
ur2100829,tt0116282,10,28 February 2005
ur2808701,tt0064175,4,28 February 2005
ur4888328,tt0102603,6,28 February 2005
ur1588993,tt0031208,6,28 February 2005
ur3635386,tt0120738,6,28 February 2005
ur1532177,tt0267913,6,28 February 2005
ur3310554,tt0164983,9,28 February 2005
ur4887312,tt0381341,7,28 February 2005
ur0826815,tt0109446,9,28 February 2005
ur3438485,tt0119223,4,28 February 2005
ur4777596,tt0293508,10,28 February 2005
ur2402482,tt0064072,1,28 February 2005
ur4888460,tt0346293,9,28 February 2005
ur3087923,tt0360486,4,28 February 2005
ur4092105,tt0147800,9,28 February 2005
ur4813955,tt0059183,7,28 February 2005
ur0911777,tt0046435,4,28 February 2005
ur2483625,tt0062479,4,28 February 2005
ur2931256,tt0147612,1,28 February 2005
ur4790579,tt0061512,9,1 March 2005
ur0471884,tt0132213,4,1 March 2005
ur4888330,tt0368909,10,1 March 2005
ur4646557,tt0297753,8,1 March 2005
ur4794079,tt0054698,8,1 March 2005
ur4307736,tt0031455,8,1 March 2005
ur0654641,tt0095327,7,1 March 2005
ur2167190,tt0324033,8,1 March 2005
ur4885357,tt0203078,2,28 February 2005
ur4883234,tt0204322,1,28 February 2005
ur1130375,tt0414469,9,28 February 2005
ur3867379,tt0087514,10,28 February 2005
ur4883997,tt0259711,10,28 February 2005
ur4879617,tt0309986,9,28 February 2005
ur4886796,tt0337877,1,28 February 2005
ur4887753,tt0274622,10,28 February 2005
ur4887402,tt0367714,8,28 February 2005
ur4887198,tt0088199,1,28 February 2005
